-- 0002‐init‐data.sql

-- ======================================================
-- 1) Usuarios (10 filas)
-- ======================================================
INSERT INTO "Usuarios" (username, password) VALUES
  ('user1',  'pass123'),
  ('user2',  'pass123'),
  ('user3',  'pass123'),
  ('user4',  'pass123'),
  ('user5',  'pass123'),
  ('user6',  'pass123'),
  ('user7',  'pass123'),
  ('user8',  'pass123'),
  ('user9',  'pass123'),
  ('user10', 'pass123');

-- ======================================================
-- 2) Unidades (5 filas)
-- ======================================================
INSERT INTO "Unidades" (nombre) VALUES
  ('g'),
  ('kg'),
  ('ml'),
  ('l'),
  ('cucharada');

-- ======================================================
-- 3) Categorías (10 filas)
-- ======================================================
INSERT INTO "Categorias" (nombre) VALUES
  ('Desayuno'),
  ('Almuerzo'),
  ('Cena'),
  ('Postre'),
  ('Snack'),
  ('Ensalada'),
  ('Sopa'),
  ('Bebida'),
  ('Postre Vegano'),
  ('Entrada');

-- ======================================================
-- 4) Alergias (10 filas)
-- ======================================================
INSERT INTO "Alergias" (nombre) VALUES
  ('Gluten'),
  ('Lactosa'),
  ('Frutos Secos'),
  ('Mariscos'),
  ('Huevos'),
  ('Soja'),
  ('Sésamo'),
  ('Mostaza'),
  ('Pescado'),
  ('Cacahuate');

-- ======================================================
-- 5) Ingredientes (30 filas)
-- ======================================================
INSERT INTO "Ingredientes" (nombre) VALUES
  ('Harina'),
  ('Azúcar'),
  ('Sal'),
  ('Pimienta'),
  ('Aceite de Oliva'),
  ('Mantequilla'),
  ('Huevos'),
  ('Leche'),
  ('Tomate'),
  ('Cebolla'),
  ('Ajo'),
  ('Queso'),
  ('Carne de Res'),
  ('Pollo'),
  ('Pescado'),
  ('Arroz'),
  ('Pasta'),
  ('Pan'),
  ('Levadura'),
  ('Chiles'),
  ('Limón'),
  ('Perejil'),
  ('Cilantro'),
  ('Apio'),
  ('Zanahoria'),
  ('Papa'),
  ('Manzana'),
  ('Plátano'),
  ('Espinaca'),
  ('Lechuga');

-- ======================================================
-- 6) Utensilios (10 filas)
-- ======================================================
INSERT INTO "Utensilios" (nombre, descripcion) VALUES
  ('Cuchara',      'Utensilio de cocina: Cuchara'),
  ('Tenedor',      'Utensilio de cocina: Tenedor'),
  ('Cuchillo',     'Utensilio de cocina: Cuchillo'),
  ('Sartén',       'Utensilio de cocina: Sartén'),
  ('Olla',         'Utensilio de cocina: Olla'),
  ('Tazón',        'Utensilio de cocina: Tazón'),
  ('Tabla de picar','Utensilio de cocina: Tabla de picar'),
  ('Batidor',      'Utensilio de cocina: Batidor'),
  ('Colador',      'Utensilio de cocina: Colador'),
  ('Espátula',     'Utensilio de cocina: Espátula');

-- ======================================================
-- 7) Recetas (50 filas)
-- ======================================================
-- Para que el entero UNIX timestamp en "fecha_creacion" (TIMESTAMP) no falle, envolvemos con to_timestamp(...)
INSERT INTO "Recetas"
  (nombre, descripcion, complejidad, momento_comida, nivel_picante, fecha_creacion, tiempo_completacion, creado_por)
VALUES
  ('Receta 1',  'Descripción de Receta 1',  'MEDIA', 'ALMUERZO', 'SUAVE',   to_timestamp(1609459200), 45,  3),
  ('Receta 2',  'Descripción de Receta 2',  'BAJA',  'DESAYUNO', 'NULO',    to_timestamp(1612137600), 30,  7),
  ('Receta 3',  'Descripción de Receta 3',  'ALTA',  'CENA',     'FUERTE',  to_timestamp(1609804800), 80,  2),
  ('Receta 4',  'Descripción de Receta 4',  'MEDIA', 'POSTRE',   'MEDIO',   to_timestamp(1612742400), 25,  9),
  ('Receta 5',  'Descripción de Receta 5',  'BAJA',  'SNACK',    'NULO',    to_timestamp(1609977600), 10,  1),
  ('Receta 6',  'Descripción de Receta 6',  'ALTA',  'ALMUERZO', 'EXTREMO', to_timestamp(1612416000), 95,  4),
  ('Receta 7',  'Descripción de Receta 7',  'MEDIA', 'CENA',     'SUAVE',   to_timestamp(1610064000), 50,  10),
  ('Receta 8',  'Descripción de Receta 8',  'BAJA',  'DESAYUNO', 'NULO',    to_timestamp(1613020800), 20,  6),
  ('Receta 9',  'Descripción de Receta 9',  'MEDIA', 'ALMUERZO', 'MEDIO',   to_timestamp(1610323200), 60,  5),
  ('Receta 10', 'Descripción de Receta 10', 'ALTA',  'CENA',     'FUERTE',  to_timestamp(1613270400), 70,  8),
  ('Receta 11', 'Descripción de Receta 11', 'MEDIA', 'POSTRE',   'NULO',    to_timestamp(1610582400), 35,  2),
  ('Receta 12', 'Descripción de Receta 12', 'BAJA',  'SNACK',    'SUAVE',   to_timestamp(1613596800), 15,  3),
  ('Receta 13', 'Descripción de Receta 13', 'ALTA',  'DESAYUNO', 'EXTREMO', to_timestamp(1610841600), 100, 1),
  ('Receta 14', 'Descripción de Receta 14', 'MEDIA', 'ALMUERZO', 'MEDIO',   to_timestamp(1613865600), 55,  7),
  ('Receta 15', 'Descripción de Receta 15', 'BAJA',  'CENA',     'NULO',    to_timestamp(1611100800), 25,  9),
  ('Receta 16', 'Descripción de Receta 16', 'ALTA',  'POSTRE',   'FUERTE',  to_timestamp(1614134400), 85,  4),
  ('Receta 17', 'Descripción de Receta 17', 'MEDIA', 'SNACK',    'SUAVE',   to_timestamp(1611360000), 40,  6),
  ('Receta 18', 'Descripción de Receta 18', 'BAJA',  'DESAYUNO', 'NULO',    to_timestamp(1614403200), 10,  8),
  ('Receta 19', 'Descripción de Receta 19', 'MEDIA', 'ALMUERZO', 'MEDIO',   to_timestamp(1611619200), 65,  10),
  ('Receta 20', 'Descripción de Receta 20', 'ALTA',  'CENA',     'FUERTE',  to_timestamp(1614672000), 75,  5),
  ('Receta 21', 'Descripción de Receta 21', 'MEDIA', 'POSTRE',   'NULO',    to_timestamp(1611878400), 30,  2),
  ('Receta 22', 'Descripción de Receta 22', 'BAJA',  'SNACK',    'SUAVE',   to_timestamp(1614931200), 20,  3),
  ('Receta 23', 'Descripción de Receta 23', 'ALTA',  'DESAYUNO', 'EXTREMO', to_timestamp(1612137600), 110, 1),
  ('Receta 24', 'Descripción de Receta 24', 'MEDIA', 'ALMUERZO', 'MEDIO',   to_timestamp(1615190400), 50,  7),
  ('Receta 25', 'Descripción de Receta 25', 'BAJA',  'CENA',     'NULO',    to_timestamp(1612396800), 25,  9),
  ('Receta 26', 'Descripción de Receta 26', 'ALTA',  'POSTRE',   'FUERTE',  to_timestamp(1615449600), 90,  4),
  ('Receta 27', 'Descripción de Receta 27', 'MEDIA', 'SNACK',    'SUAVE',   to_timestamp(1612656000), 45,  6),
  ('Receta 28', 'Descripción de Receta 28', 'BAJA',  'DESAYUNO', 'NULO',    to_timestamp(1615708800), 15,  8),
  ('Receta 29', 'Descripción de Receta 29', 'MEDIA', 'ALMUERZO', 'MEDIO',   to_timestamp(1612915200), 60,  10),
  ('Receta 30', 'Descripción de Receta 30', 'ALTA',  'CENA',     'FUERTE',  to_timestamp(1615968000), 80,  5),
  ('Receta 31', 'Descripción de Receta 31', 'MEDIA', 'POSTRE',   'NULO',    to_timestamp(1613174400), 35,  2),
  ('Receta 32', 'Descripción de Receta 32', 'BAJA',  'SNACK',    'SUAVE',   to_timestamp(1616227200), 15,  3),
  ('Receta 33', 'Descripción de Receta 33', 'ALTA',  'DESAYUNO', 'EXTREMO', to_timestamp(1613433600), 100, 1),
  ('Receta 34', 'Descripción de Receta 34', 'MEDIA', 'ALMUERZO', 'MEDIO',   to_timestamp(1616486400), 55,  7),
  ('Receta 35', 'Descripción de Receta 35', 'BAJA',  'CENA',     'NULO',    to_timestamp(1613692800), 25,  9),
  ('Receta 36', 'Descripción de Receta 36', 'ALTA',  'POSTRE',   'FUERTE',  to_timestamp(1616745600), 85,  4),
  ('Receta 37', 'Descripción de Receta 37', 'MEDIA', 'SNACK',    'SUAVE',   to_timestamp(1613952000), 40,  6),
  ('Receta 38', 'Descripción de Receta 38', 'BAJA',  'DESAYUNO', 'NULO',    to_timestamp(1617004800), 10,  8),
  ('Receta 39', 'Descripción de Receta 39', 'MEDIA', 'ALMUERZO', 'MEDIO',   to_timestamp(1614201600), 65,  10),
  ('Receta 40', 'Descripción de Receta 40', 'ALTA',  'CENA',     'FUERTE',  to_timestamp(1617264000), 75,  5),
  ('Receta 41', 'Descripción de Receta 41', 'MEDIA', 'POSTRE',   'NULO',    to_timestamp(1614451200), 30,  2),
  ('Receta 42', 'Descripción de Receta 42', 'BAJA',  'SNACK',    'SUAVE',   to_timestamp(1617523200), 20,  3),
  ('Receta 43', 'Descripción de Receta 43', 'ALTA',  'DESAYUNO', 'EXTREMO', to_timestamp(1614700800), 110, 1),
  ('Receta 44', 'Descripción de Receta 44', 'MEDIA', 'ALMUERZO', 'MEDIO',   to_timestamp(1617782400), 50,  7),
  ('Receta 45', 'Descripción de Receta 45', 'BAJA',  'CENA',     'NULO',    to_timestamp(1614940800), 25,  9),
  ('Receta 46', 'Descripción de Receta 46', 'ALTA',  'POSTRE',   'FUERTE',  to_timestamp(1618041600), 90,  4),
  ('Receta 47', 'Descripción de Receta 47', 'MEDIA', 'SNACK',    'SUAVE',   to_timestamp(1615180800), 45,  6),
  ('Receta 48', 'Descripción de Receta 48', 'BAJA',  'DESAYUNO', 'NULO',    to_timestamp(1618300800), 15,  8),
  ('Receta 49', 'Descripción de Receta 49', 'MEDIA', 'ALMUERZO', 'MEDIO',   to_timestamp(1615420800), 60,  10),
  ('Receta 50', 'Descripción de Receta 50', 'ALTA',  'CENA',     'FUERTE',  to_timestamp(1618560000), 80,  5);

-- ======================================================
-- 8) Receta_categorias (100 filas; 2 categorías por receta)
-- ======================================================
INSERT INTO "Receta_categorias" (id_receta, id_categoria) VALUES
  (1,  3),   (1,  7),
  (2,  1),   (2,  9),
  (3,  3),   (3,  4),
  (4,  2),   (4,  6),
  (5,  5),   (5, 10),
  (6,  3),   (6,  8),
  (7,  1),   (7,  2),
  (8,  4),   (8,  7),
  (9,  3),   (9,  5),
  (10, 6),   (10, 9),
  (11, 1),   (11, 4),
  (12, 2),   (12, 5),
  (13, 3),   (13, 7),
  (14, 2),   (14, 6),
  (15, 1),   (15, 8),
  (16, 3),   (16, 10),
  (17, 4),   (17, 5),
  (18, 2),   (18, 7),
  (19, 3),   (19, 6),
  (20, 1),   (20, 9),
  (21, 4),   (21, 5),
  (22, 2),   (22, 8),
  (23, 3),   (23, 7),
  (24, 1),   (24, 6),
  (25, 4),   (25, 10),
  (26, 2),   (26, 5),
  (27, 3),   (27, 7),
  (28, 1),   (28, 8),
  (29, 3),   (29, 6),
  (30, 2),   (30, 9),
  (31, 4),   (31, 5),
  (32, 1),   (32, 7),
  (33, 3),   (33, 8),
  (34, 2),   (34, 6),
  (35, 4),   (35, 10),
  (36, 1),   (36, 5),
  (37, 3),   (37, 7),
  (38, 2),   (38, 9),
  (39, 4),   (39, 6),
  (40, 1),   (40, 8),
  (41, 3),   (41, 5),
  (42, 2),   (42, 7),
  (43, 1),   (43, 9),
  (44, 4),   (44, 6),
  (45, 2),   (45, 8),
  (46, 3),   (46, 7),
  (47, 1),   (47, 5),
  (48, 2),   (48, 9),
  (49, 4),   (49, 6),
  (50, 3),   (50, 10);

-- ======================================================
-- 9) Receta_ingredientes (200 filas; 4 ingredientes por receta)
-- ======================================================
INSERT INTO "Receta_ingredientes" (id_receta, id_ingrediente, id_unidades, cantidad) VALUES
  (1,  24, 2, 120), (1,  5,  1,  50),  (1,  17, 3, 200), (1,  9,  3, 100),
  (2,  2,  1,  80), (2,  3,  1,  10),  (2,  8,  3, 150), (2,  12, 1,  60),
  (3,  13, 1, 300), (3,  6,  1,  40),  (3,  7,  2,   2), (3,  23, 3,  30),
  (4,  9,  3, 120), (4,  11, 1,  10),  (4,  16, 1, 100), (4,  29, 1,  50),
  (5,  1,  1, 200), (5,  2,  1, 100),  (5,  6,  1,  30), (5,  22, 3,  20),
  (6,  13, 1, 250), (6,  14, 1, 180),  (6,  5,  1,  50), (6,  20, 1,   5),
  (7,  14, 1, 200), (7,  8,  3, 100),  (7,  10, 1,  30), (7,  29, 1,  50),
  (8,  21, 3,  50), (8,  27, 1, 100),  (8,  3,  1,  5), (8,  22, 3,  20),
  (9,  16, 1, 150), (9,  18, 1,  2),  (9,  23, 3,  30), (9,  5,  1,  60),
  (10, 15, 1, 300), (10, 6,  1,  40), (10, 7,  2,   2), (10, 11, 1,  10),
  (11, 9,  3, 120), (11, 1,  1, 200), (11, 4,  1,   5), (11, 12, 1,  60),
  (12, 2,  1,  80), (12, 3,  1,  10), (12, 8,  3, 150), (12, 29, 1,  20),
  (13, 14, 1, 180), (13, 5,  1,  50), (13, 20, 1,   5), (13, 27, 1,  80),
  (14, 17, 3, 200), (14, 9,  3, 100), (14, 10, 1,  30), (14, 22, 3,  20),
  (15, 1,  1, 200), (15, 2,  1, 100), (15, 6,  1,  30), (15, 23, 3,  30),
  (16, 8,  3, 100), (16, 10, 1,  50), (16, 12, 1,  40), (16, 29, 1,  20),
  (17, 14, 1, 200), (17, 13, 1, 150), (17, 6,  1,  30), (17, 22, 3,  30),
  (18, 21, 3,  50), (18, 27, 1, 100), (18, 3,  1,  10), (18, 5,  1,  60),
  (19, 16, 1, 150), (19, 18, 1,   2), (19, 23, 3,  30), (19, 1,  1, 200),
  (20, 2,  1,  80), (20, 12, 1,  40), (20, 4,  1,   5), (20, 29, 1,  20),
  (21, 9,  3, 120), (21, 1,  1, 150), (21, 11, 1,  15), (21, 6,  1,  30),
  (22, 2,  1,  80), (22, 3,  1,  10), (22, 8,  3, 150), (22, 20, 1,   5),
  (23, 14, 1, 180), (23, 13, 1, 150), (23, 22, 3,  30), (23, 27, 1,  80),
  (24, 17, 3, 200), (24, 9,  3, 100), (24, 10, 1,  30), (24, 22, 3,  20),
  (25, 1,  1, 200), (25, 2,  1, 100), (25, 6,  1,  30), (25, 23, 3,  30),
  (26, 8,  3, 100), (26, 10, 1,  50), (26, 12, 1,  40), (26, 29, 1,  20),
  (27, 14, 1, 200), (27, 13, 1, 150), (27, 6,  1,  30), (27, 22, 3,  30),
  (28, 21, 3,  50), (28, 27, 1, 100), (28, 3,  1,  10), (28, 5,  1,  60),
  (29, 16, 1, 150), (29, 18, 1,   2), (29, 23, 3,  30), (29, 1,  1, 200),
  (30, 2,  1,  80), (30, 12, 1,  40), (30, 4,  1,   5), (30, 29, 1,  20),
  (31, 9,  3, 120), (31, 1,  1, 150), (31, 11, 1,  15), (31, 6,  1,  30),
  (32, 2,  1,  80), (32, 3,  1,  10), (32, 8,  3, 150), (32, 20, 1,   5),
  (33, 14, 1, 180), (33, 13, 1, 150), (33, 22, 3,  30), (33, 27, 1,  80),
  (34, 17, 3, 200), (34, 9,  3, 100), (34, 10, 1,  30), (34, 22, 3,  20),
  (35, 1,  1, 200), (35, 2,  1, 100), (35, 6,  1,  30), (35, 23, 3,  30),
  (36, 8,  3, 100), (36, 10, 1,  50), (36, 12, 1,  40), (36, 29, 1,  20),
  (37, 14, 1, 200), (37, 13, 1, 150), (37, 6,  1,  30), (37, 22, 3,  30),
  (38, 21, 3,  50), (38, 27, 1, 100), (38, 3,  1,  10), (38, 5,  1,  60),
  (39, 16, 1, 150), (39, 18, 1,   2), (39, 23, 3,  30), (39, 1,  1, 200),
  (40, 2,  1,  80), (40, 12, 1,  40), (40, 4,  1,   5), (40, 29, 1,  20),
  (41, 9,  3, 120), (41, 1,  1, 150), (41, 11, 1,  15), (41, 6,  1,  30),
  (42, 2,  1,  80), (42, 3,  1,  10), (42, 8,  3, 150), (42, 20, 1,   5),
  (43, 14, 1, 180), (43, 13, 1, 150), (43, 22, 3,  30), (43, 27, 1,  80),
  (44, 17, 3, 200), (44, 9,  3, 100), (44, 10, 1,  30), (44, 22, 3,  20),
  (45, 1,  1, 200), (45, 2,  1, 100), (45, 6,  1,  30), (45, 23, 3,  30),
  (46, 8,  3, 100), (46, 10, 1,  50), (46, 12, 1,  40), (46, 29, 1,  20),
  (47, 14, 1, 200), (47, 13, 1, 150), (47, 6,  1,  30), (47, 22, 3,  30),
  (48, 21, 3,  50), (48, 27, 1, 100), (48, 3,  1,  10), (48, 5,  1,  60),
  (49, 16, 1, 150), (49, 18, 1,   2), (49, 23, 3,  30), (49, 1,  1, 200),
  (50, 2,  1,  80), (50, 12, 1,  40), (50, 4,  1,   5), (50, 29, 1,  20);

-- ======================================================
-- 10) Receta_alergias (50 filas; 1 alergia por receta)
-- ======================================================
INSERT INTO "Receta_alergias" (id_receta, id_alergia) VALUES
  (1,  3),  (2,  1),  (3,  6),  (4,  4),  (5,  2),
  (6,  8),  (7,  5),  (8,  7),  (9,  9),  (10, 10),
  (11, 1),  (12, 3),  (13, 6),  (14, 4),  (15, 2),
  (16, 8),  (17, 5),  (18, 7),  (19, 9),  (20, 10),
  (21, 1),  (22, 3),  (23, 6),  (24, 4),  (25, 2),
  (26, 8),  (27, 5),  (28, 7),  (29, 9),  (30, 10),
  (31, 1),  (32, 3),  (33, 6),  (34, 4),  (35, 2),
  (36, 8),  (37, 5),  (38, 7),  (39, 9),  (40, 10),
  (41, 1),  (42, 3),  (43, 6),  (44, 4),  (45, 2),
  (46, 8),  (47, 5),  (48, 7),  (49, 9),  (50, 10);

-- ======================================================
-- 11) Receta_utensilios (100 filas; 2 utensilios por receta)
-- ======================================================
INSERT INTO "Receta_utensilios" (id_receta, id_utensilio) VALUES
  (1,  1),  (1,  4),
  (2,  2),  (2,  5),
  (3,  3),  (3,  6),
  (4,  7),  (4,  8),
  (5,  9),  (5, 10),
  (6,  1),  (6,  3),
  (7,  2),  (7,  4),
  (8,  5),  (8,  6),
  (9,  7),  (9,  8),
  (10, 9),  (10, 10),
  (11, 1),  (11, 2),
  (12, 3),  (12, 4),
  (13, 5),  (13, 6),
  (14, 7),  (14, 8),
  (15, 9),  (15, 10),
  (16, 1),  (16, 3),
  (17, 2),  (17, 4),
  (18, 5),  (18, 6),
  (19, 7),  (19, 8),
  (20, 9),  (20, 10),
  (21, 1),  (21, 2),
  (22, 3),  (22, 4),
  (23, 5),  (23, 6),
  (24, 7),  (24, 8),
  (25, 9),  (25, 10),
  (26, 1),  (26, 3),
  (27, 2),  (27, 4),
  (28, 5),  (28, 6),
  (29, 7),  (29, 8),
  (30, 9),  (30, 10),
  (31, 1),  (31, 2),
  (32, 3),  (32, 4),
  (33, 5),  (33, 6),
  (34, 7),  (34, 8),
  (35, 9),  (35, 10),
  (36, 1),  (36, 3),
  (37, 2),  (37, 4),
  (38, 5),  (38, 6),
  (39, 7),  (39, 8),
  (40, 9),  (40, 10),
  (41, 1),  (41, 2),
  (42, 3),  (42, 4),
  (43, 5),  (43, 6),
  (44, 7),  (44, 8),
  (45, 9),  (45, 10),
  (46, 1),  (46, 3),
  (47, 2),  (47, 4),
  (48, 5),  (48, 6),
  (49, 7),  (49, 8),
  (50, 9),  (50, 10);

-- ======================================================
-- 12) Recetas_favoritas (150 filas; combinaciones usuario‐receta únicas)
-- ======================================================
INSERT INTO "Recetas_favoritas" (id_receta, id_usuario) VALUES
  (1,  7),   (1,  10),  (2,  3),   (2,  5),   (3,  1),
  (3,  4),   (4,  2),   (4,  7),   (5,  8),   (5,  6),
  (6,  2),   (6,  9),   (7,  10),  (7,  3),   (8,  1),
  (8,  5),   (9,  4),   (9,  7),   (10, 6),   (10, 2),
  (11, 3),   (11, 8),   (12, 1),   (12, 5),   (13, 2),
  (13, 9),   (14, 10),  (14, 4),   (15, 7),   (15, 3),
  (16, 6),   (16, 1),   (17, 8),   (17, 2),   (18, 9),
  (18, 5),   (19, 1),   (19, 4),   (20, 10),  (20, 3),
  (21, 2),   (21, 8),   (22, 1),   (22, 6),   (23, 4),
  (23, 7),   (24, 9),   (24, 5),   (25, 8),   (25, 1),
  (26, 6),   (26, 2),   (27, 10),  (27, 3),   (28, 7),
  (28, 4),   (29, 4),   (29, 9),   (30, 1),   (30, 5),
  (31, 6),   (31, 2),   (32, 3),   (32, 8),   (33, 10),
  (33, 7),   (34, 9),   (34, 4),   (35, 5),   (35, 1),
  (36, 6),   (36, 2),   (37, 8),   (37, 3),   (38, 7),
  (38, 4),   (39, 9),   (39, 5),   (40, 10),  (40, 1),
  (41, 6),   (41, 2),   (42, 3),   (42, 8),   (43, 7),
  (43, 4),   (44, 9),   (44, 5),   (45, 1),   (45, 8),
  (46, 2),   (46, 6),   (47, 3),   (47, 10),  (48, 7),
  (48, 4),   (49, 5),   (49, 9),   (50, 1),   (50, 2);

-- ======================================================
-- 13) Comentarios (150 filas)
-- ======================================================
INSERT INTO "Comentarios" (id_receta, id_usuario, comentario) VALUES
  (25, 7,  'Comentario 1 sobre receta 25'),
  (3,  2,  'Comentario 2 sobre receta 3'),
  (18, 9,  'Comentario 3 sobre receta 18'),
  (50, 4,  'Comentario 4 sobre receta 50'),
  (7,  1,  'Comentario 5 sobre receta 7'),
  (12, 8,  'Comentario 6 sobre receta 12'),
  (29, 3,  'Comentario 7 sobre receta 29'),
  (15, 6,  'Comentario 8 sobre receta 15'),
  (41, 2,  'Comentario 9 sobre receta 41'),
  (35, 10, 'Comentario 10 sobre receta 35'),
  (2,  7,  'Comentario 11 sobre receta 2'),
  (8,  5,  'Comentario 12 sobre receta 8'),
  (27, 1,  'Comentario 13 sobre receta 27'),
  (44, 9,  'Comentario 14 sobre receta 44'),
  (39, 4,  'Comentario 15 sobre receta 39'),
  (6,  2,  'Comentario 16 sobre receta 6'),
  (22, 3,  'Comentario 17 sobre receta 22'),
  (31, 8,  'Comentario 18 sobre receta 31'),
  (10, 1,  'Comentario 19 sobre receta 10'),
  (17, 6,  'Comentario 20 sobre receta 17'),
  (4,  7,  'Comentario 21 sobre receta 4'),
  (46, 9,  'Comentario 22 sobre receta 46'),
  (1,  5,  'Comentario 23 sobre receta 1'),
  (33, 10, 'Comentario 24 sobre receta 33'),
  (19, 2,  'Comentario 25 sobre receta 19'),
  (16, 8,  'Comentario 26 sobre receta 16'),
  (21, 3,  'Comentario 27 sobre receta 21'),
  (26, 4,  'Comentario 28 sobre receta 26'),
  (42, 1,  'Comentario 29 sobre receta 42'),
  (9,  6,  'Comentario 30 sobre receta 9'),
  (24, 7,  'Comentario 31 sobre receta 24'),
  (28, 5,  'Comentario 32 sobre receta 28'),
  (12, 3,  'Comentario 33 sobre receta 12'),
  (45, 9,  'Comentario 34 sobre receta 45'),
  (20, 2,  'Comentario 35 sobre receta 20'),
  (38, 8,  'Comentario 36 sobre receta 38'),
  (11, 1,  'Comentario 37 sobre receta 11'),
  (13, 6,  'Comentario 38 sobre receta 13'),
  (32, 9,  'Comentario 39 sobre receta 32'),
  (14, 3,  'Comentario 40 sobre receta 14'),
  (7,  4,  'Comentario 41 sobre receta 7'),
  (43, 2,  'Comentario 42 sobre receta 43'),
  (29, 5,  'Comentario 43 sobre receta 29'),
  (17, 10, 'Comentario 44 sobre receta 17'),
  (2,  8,  'Comentario 45 sobre receta 2'),
  (49, 7,  'Comentario 46 sobre receta 49'),
  (36, 1,  'Comentario 47 sobre receta 36'),
  (6,  3,  'Comentario 48 sobre receta 6'),
  (22, 9,  'Comentario 49 sobre receta 22'),
  (10, 2,  'Comentario 50 sobre receta 10'),
  (31, 5,  'Comentario 51 sobre receta 31'),
  (28, 4,  'Comentario 52 sobre receta 28'),
  (21, 10, 'Comentario 53 sobre receta 21'),
  (47, 6,  'Comentario 54 sobre receta 47'),
  (15, 1,  'Comentario 55 sobre receta 15'),
  (33, 3,  'Comentario 56 sobre receta 33'),
  (44, 9,  'Comentario 57 sobre receta 44'),
  (37, 2,  'Comentario 58 sobre receta 37'),
  (5,  8,  'Comentario 59 sobre receta 5'),
  (11, 4,  'Comentario 60 sobre receta 11'),
  (23, 1,  'Comentario 61 sobre receta 23'),
  (19, 9,  'Comentario 62 sobre receta 19'),
  (26, 7,  'Comentario 63 sobre receta 26'),
  (41, 2,  'Comentario 64 sobre receta 41'),
  (30, 5,  'Comentario 65 sobre receta 30'),
  (18, 8,  'Comentario 66 sobre receta 18'),
  (8,  3,  'Comentario 67 sobre receta 8'),
  (48, 6,  'Comentario 68 sobre receta 48'),
  (25, 10, 'Comentario 69 sobre receta 25'),
  (12, 1,  'Comentario 70 sobre receta 12'),
  (34, 7,  'Comentario 71 sobre receta 34'),
  (2,  9,  'Comentario 72 sobre receta 2'),
  (46, 4,  'Comentario 73 sobre receta 46'),
  (27, 2,  'Comentario 74 sobre receta 27'),
  (1,  6,  'Comentario 75 sobre receta 1'),
  (33, 5,  'Comentario 76 sobre receta 33'),
  (19, 8,  'Comentario 77 sobre receta 19'),
  (16, 1,  'Comentario 78 sobre receta 16'),
  (21, 3,  'Comentario 79 sobre receta 21'),
  (26, 7,  'Comentario 80 sobre receta 26'),
  (42, 2,  'Comentario 81 sobre receta 42'),
  (9,  6,  'Comentario 82 sobre receta 9'),
  (37, 4,  'Comentario 83 sobre receta 37'),
  (45, 10, 'Comentario 84 sobre receta 45'),
  (3,  1,  'Comentario 85 sobre receta 3'),
  (8,  9,  'Comentario 86 sobre receta 8'),
  (22, 7,  'Comentario 87 sobre receta 22'),
  (13, 5,  'Comentario 88 sobre receta 13'),
  (31, 3,  'Comentario 89 sobre receta 31'),
  (17, 2,  'Comentario 90 sobre receta 17'),
  (47, 4,  'Comentario 91 sobre receta 47'),
  (15, 6,  'Comentario 92 sobre receta 15'),
  (34, 10, 'Comentario 93 sobre receta 34'),
  (1,  8,  'Comentario 94 sobre receta 1'),
  (25, 9,  'Comentario 95 sobre receta 25'),
  (4,  7,  'Comentario 96 sobre receta 4'),
  (29, 5,  'Comentario 97 sobre receta 29'),
  (2,  2,  'Comentario 98 sobre receta 2'),
  (10, 1,  'Comentario 99 sobre receta 10'),
  (36, 3,  'Comentario 100 sobre receta 36'),
  (19, 4,  'Comentario 101 sobre receta 19'),
  (28, 8,  'Comentario 102 sobre receta 28'),
  (43, 9,  'Comentario 103 sobre receta 43'),
  (32, 1,  'Comentario 104 sobre receta 32'),
  (14, 6,  'Comentario 105 sobre receta 14'),
  (6,  2,  'Comentario 106 sobre receta 6'),
  (22, 5,  'Comentario 107 sobre receta 22'),
  (11, 3,  'Comentario 108 sobre receta 11'),
  (33, 7,  'Comentario 109 sobre receta 33'),
  (40, 4,  'Comentario 110 sobre receta 40'),
  (5,  6,  'Comentario 111 sobre receta 5'),
  (18, 1,  'Comentario 112 sobre receta 18'),
  (24, 2,  'Comentario 113 sobre receta 24'),
  (9,  8,  'Comentario 114 sobre receta 9'),
  (47, 5,  'Comentario 115 sobre receta 47'),
  (15, 9,  'Comentario 116 sobre receta 15'),
  (20, 7,  'Comentario 117 sobre receta 20'),
  (38, 4,  'Comentario 118 sobre receta 38'),
  (12, 3,  'Comentario 119 sobre receta 12'),
  (45, 6,  'Comentario 120 sobre receta 45'),
  (3,  1,  'Comentario 121 sobre receta 3'),
  (8,  2,  'Comentario 122 sobre receta 8'),
  (16, 9,  'Comentario 123 sobre receta 16'),
  (41, 7,  'Comentario 124 sobre receta 41'),
  (37, 4,  'Comentario 125 sobre receta 37'),
  (25, 6,  'Comentario 126 sobre receta 25'),
  (2,  10, 'Comentario 127 sobre receta 2'),
  (49, 1,  'Comentario 128 sobre receta 49'),
  (26, 3,  'Comentario 129 sobre receta 26'),
  (30, 5,  'Comentario 130 sobre receta 30'),
  (12, 8,  'Comentario 131 sobre receta 12'),
  (19, 2,  'Comentario 132 sobre receta 19'),
  (28, 7,  'Comentario 133 sobre receta 28'),
  (6,  4,  'Comentario 134 sobre receta 6'),
  (44, 9,  'Comentario 135 sobre receta 44'),
  (33, 1,  'Comentario 136 sobre receta 33'),
  (21, 8,  'Comentario 137 sobre receta 21'),
  (27, 5,  'Comentario 138 sobre receta 27'),
  (11, 2,  'Comentario 139 sobre receta 11'),
  (34, 6,  'Comentario 140 sobre receta 34'),
  (1,  7,  'Comentario 141 sobre receta 1'),
  (23, 9,  'Comentario 142 sobre receta 23'),
  (32, 3,  'Comentario 143 sobre receta 32'),
  (14, 4,  'Comentario 144 sobre receta 14'),
  (5,  6,  'Comentario 145 sobre receta 5'),
  (18, 1,  'Comentario 146 sobre receta 18'),
  (22, 2,  'Comentario 147 sobre receta 22'),
  (9,  8,  'Comentario 148 sobre receta 9'),
  (47, 5,  'Comentario 149 sobre receta 47'),
  (15, 10, 'Comentario 150 sobre receta 15');

-- ======================================================
-- 14) Valoraciones (150 filas)
-- ======================================================
INSERT INTO "Valoraciones" (id_receta, id_usuario, valoracion) VALUES
  (27, 5, 4),   (8,  2, 3),   (47, 1, 5),   (13, 9, 4),   (2,  6, 2),
  (36, 3, 5),   (19, 8, 1),  (31, 4, 4),  (42, 7, 3),  (5, 10, 2);

-- ======================================================
-- 15) Historial_recetas (25 filas)
-- ======================================================
-- La tabla "Historial_recetas" NO tiene columna "hecho_por", así que solo usamos:
--   (id_receta, atributo_modificado, valor_anterior, valor_nuevo, realizado_en)
-- y envolvemos el UNIX timestamp con to_timestamp(...)
INSERT INTO "Historial_recetas"
  (id_receta, atributo_modificado, valor_anterior, valor_nuevo, realizado_en)
VALUES
  (12, 'nombre',      'Antiguo nombre 1',     'Nuevo nombre 1',     to_timestamp(1612137600)),
  (7,  'descripcion', 'Antiguo descripcion 2','Nuevo descripcion 2',to_timestamp(1614816000)),
  (25, 'nombre',      'Antiguo nombre 3',     'Nuevo nombre 3',     to_timestamp(1617494400)),
  (19, 'valoracion',  'Antiguo valoracion 4', 'Nuevo valoracion 4', to_timestamp(1620172800)),
  (30, 'descripcion', 'Antiguo descripcion 5','Nuevo descripcion 5',to_timestamp(1622851200)),
  (5,  'nombre',      'Antiguo nombre 6',     'Nuevo nombre 6',     to_timestamp(1625529600)),
  (42, 'descripcion', 'Antiguo descripcion 7','Nuevo descripcion 7',to_timestamp(1628121600)),
  (11, 'nombre',      'Antiguo nombre 8',     'Nuevo nombre 8',     to_timestamp(1630790400)),
  (36, 'descripcion', 'Antiguo descripcion 9','Nuevo descripcion 9',to_timestamp(1633382400)),
  (17, 'valoracion',  'Antiguo valoracion 10','Nuevo valoracion 10',to_timestamp(1636060800)),
  (30, 'nombre',      'Antiguo nombre 11',    'Nuevo nombre 11',    to_timestamp(1638739200)),
  (2,  'descripcion', 'Antiguo descripcion 12','Nuevo descripcion 12',to_timestamp(1641331200)),
  (44, 'nombre',      'Antiguo nombre 13',    'Nuevo nombre 13',    to_timestamp(1644000000)),
  (23, 'descripcion', 'Antiguo descripcion 14','Nuevo descripcion 14',to_timestamp(1646678400)),
  (49, 'nombre',      'Antiguo nombre 15',    'Nuevo nombre 15',    to_timestamp(1649270400)),
  (8,  'descripcion', 'Antiguo descripcion 16','Nuevo descripcion 16',to_timestamp(1651948800)),
  (14, 'valoracion',  'Antiguo valoracion 17','Nuevo valoracion 17',to_timestamp(1654627200)),
  (29, 'nombre',      'Antiguo nombre 18',    'Nuevo nombre 18',    to_timestamp(1657228800)),
  (16, 'descripcion', 'Antiguo descripcion 19','Nuevo descripcion 19',to_timestamp(1659907200)),
  (41, 'nombre',      'Antiguo nombre 20',    'Nuevo nombre 20',    to_timestamp(1662585600)),
  (3,  'descripcion', 'Antiguo descripcion 21','Nuevo descripcion 21',to_timestamp(1665177600)),
  (37, 'valoracion',  'Antiguo valoracion 22','Nuevo valoracion 22',to_timestamp(1667856000)),
  (10, 'nombre',      'Antiguo nombre 23',    'Nuevo nombre 23',    to_timestamp(1670534400)),
  (28, 'descripcion', 'Antiguo descripción 24','Nuevo descripción 24',to_timestamp(1673126400)),
  (21, 'valoracion',  'Antiguo valoración 25','Nueva valoración 25',  to_timestamp(1675804800));

-- ======================================================
-- 16) Historial_ingredientes (25 filas)
-- ======================================================
-- La tabla "Historial_ingredientes" NO tiene columna "hecho_por", así que usamos:
--   (id_ingrediente, nombre_anterior, nombre_nuevo, realizado_en)
-- y envolvemos el UNIX timestamp con to_timestamp(...)
INSERT INTO "Historial_ingredientes"
  (id_ingrediente, nombre_anterior, nombre_nuevo, realizado_en)
VALUES
  (14, 'Antiguo nombre 1',  'Nuevo nombre 1',  to_timestamp(1612137600)),
  (7,  'Antiguo nombre 2',  'Nuevo nombre 2',  to_timestamp(1614816000)),
  (21, 'Antiguo nombre 3',  'Nuevo nombre 3',  to_timestamp(1617494400)),
  (5,  'Antiguo nombre 4',  'Nuevo nombre 4',  to_timestamp(1620172800)),
  (29, 'Antiguo nombre 5',  'Nuevo nombre 5',  to_timestamp(1622851200)),
  (18, 'Antiguo nombre 6',  'Nuevo nombre 6',  to_timestamp(1625529600)),
  (2,  'Antiguo nombre 7',  'Nuevo nombre 7',  to_timestamp(1628121600)),
  (9,  'Antiguo nombre 8',  'Nuevo nombre 8',  to_timestamp(1630790400)),
  (16, 'Antiguo nombre 9',  'Nuevo nombre 9',  to_timestamp(1633382400)),
  (25, 'Antiguo nombre 10', 'Nuevo nombre 10', to_timestamp(1636060800)),
  (1,  'Antiguo nombre 11', 'Nuevo nombre 11', to_timestamp(1638739200)),
  (11, 'Antiguo nombre 12', 'Nuevo nombre 12', to_timestamp(1641331200)),
  (20, 'Antiguo nombre 13', 'Nuevo nombre 13', to_timestamp(1644000000)),
  (27, 'Antiguo nombre 14', 'Nuevo nombre 14', to_timestamp(1646678400)),
  (3,  'Antiguo nombre 15', 'Nuevo nombre 15', to_timestamp(1649270400)),
  (30, 'Antiguo nombre 16', 'Nuevo nombre 16', to_timestamp(1651948800)),
  (6,  'Antiguo nombre 17', 'Nuevo nombre 17', to_timestamp(1654627200)),
  (12, 'Antiguo nombre 18', 'Nuevo nombre 18', to_timestamp(1657228800)),
  (5,  'Antiguo nombre 19', 'Nuevo nombre 19', to_timestamp(1659907200)),
  (24, 'Antiguo nombre 20', 'Nuevo nombre 20', to_timestamp(1662585600)),
  (17, 'Antiguo nombre 21', 'Nuevo nombre 21', to_timestamp(1665177600)),
  (4,  'Antiguo nombre 22', 'Nuevo nombre 22', to_timestamp(1667856000)),
  (28, 'Antiguo nombre 23', 'Nuevo nombre 23', to_timestamp(1670534400)),
  (13, 'Antiguo nombre 24', 'Nuevo nombre 24', to_timestamp(1673126400)),
  (22, 'Antiguo nombre 25', 'Nuevo nombre 25', to_timestamp(1675804800));

-- ******************************************************
-- TOTAL DE FILAS INSERTADAS: 10 + 5 + 10 + 10 + 30 + 10 + 50 + 100 + 200 +
--                                  50 + 100 + 150 + 150 + 25 + 25  = 1075 filas
-- ******************************************************