-- Usuarios
INSERT INTO "Usuarios" (username, password) VALUES
  ('mateo62', 'mateo9876'),
  ('ortegaluz', 'luz5679'),
  ('guillerminamurillo', 'murillo5678'),
  ('ipedroza', 'pedroza1234'),
  ('adelatejeda', 'tejeda0987'),
  ('rubiomercedes', '12345667'),
  ('ulucero', 'ulucero456'),
  ('esther81', 'esther345'),
  ('gbatista', 'batista123'),
  ('conchita62', '48EWXC');
  


-- Unidades
INSERT INTO "Unidades" (nombre) VALUES
  ('g'),
  ('kg'),
  ('ml'),
  ('l'),
  ('cucharada');


-- Categorías
INSERT INTO "Categorias" (nombre) VALUES
  ('Desayuno'),
  ('Almuerzo'),
  ('Cena'),
  ('Postre'),
  ('Snack'),
  ('Ensalada'),
  ('Sopa'),
  ('Bebida'),
  ('Postre Vegano'),
  ('Entrada');


-- Alergias
INSERT INTO "Alergias" (nombre) VALUES
  ('Gluten'),
  ('Lactosa'),
  ('Frutos Secos'),
  ('Mariscos'),
  ('Huevos'),
  ('Soja'),
  ('Sésamo'),
  ('Mostaza'),
  ('Pescado'),
  ('Cacahuate');


-- Ingredientes
INSERT INTO "Ingredientes" (nombre) VALUES
  ('Harina de trigo'),
  ('Azúcar morena'),
  ('Sal marina'),
  ('Pimienta negra'),
  ('Aceite vegetal'),
  ('Mantequilla sin sal'),
  ('Huevos orgánicos'),
  ('Leche descremada'),
  ('Tomate cherry'),
  ('Cebolla blanca'),
  ('Ajo picado'),
  ('Queso mozzarella'),
  ('Carne molida de res'),
  ('Pechuga de pollo'),
  ('Filete de pescado'),
  ('Arroz integral'),
  ('Pasta penne'),
  ('Pan artesanal'),
  ('Levadura seca'),
  ('Chiles jalapeños'),
  ('Jugo de limón'),
  ('Perejil fresco'),
  ('Cilantro picado'),
  ('Apio en cubos'),
  ('Zanahoria rallada'),
  ('Papa cocida'),
  ('Manzana roja'),
  ('Plátano maduro'),
  ('Espinaca fresca'),
  ('Lechuga romana');


-- Utensilios
INSERT INTO "Utensilios" (nombre, descripcion) VALUES
  ('Cuchara', 'Para servir y remover alimentos de una sopa o ensalada.'),
  ('Tenedor', 'Para llevar alimentos a la boca.'),
  ('Cuchillo', 'Para cortar y picar alimentos.'),
  ('Sartén', 'Para cocinar y freír alimentos.'),
  ('Olla', 'Para cocinar alimentos en líquido.'),
  ('Tazón', 'Para servir y mezclar alimentos.'),
  ('Tabla de picar', 'Para picar y cortar alimentos.'),
  ('Batidor', 'Para batir y mezclar alimentos.'),
  ('Colador', 'Para colar líquidos y separarlos de los sólidos.'),
  ('Espátula', 'Para revolver, mezclar y servir alimentos.');

-- Recetas
INSERT INTO "Recetas" (nombre, descripcion, complejidad, momento_comida, nivel_picante, fecha_creacion, tiempo_completacion, creado_por) VALUES
  ('Ensalada César con Pollo', 'Una opción saludable y deliciosa para comenzar el día.', 'ALTA', 'ALMUERZO', 'MEDIO', to_timestamp(103911339), 22, 13),
  ('Sopa de Lentejas Casera', 'Ideal para una comida reconfortante en casa.', 'MEDIA', 'CENA', 'SUAVE', to_timestamp(1662098691), 56, 13),
  ('Tacos al Pastor', 'Sabor auténtico con un toque casero.', 'MEDIA', 'DESAYUNO', 'MEDIO', to_timestamp(906454474), 82, 10),
  ('Spaghetti a la Boloñesa', 'Perfecta para compartir en familia.', 'BAJA', 'DESAYUNO', 'SUAVE', to_timestamp(1639740237), 87, 2),
  ('Panqueques de Avena con Miel', 'Rápida de preparar y llena de sabor.', 'MEDIA', 'SNACK', 'MEDIO', to_timestamp(220746404), 21, 7),
  ('Smoothie de Mango y Plátano', 'Una receta clásica con ingredientes frescos.', 'MEDIA', 'DESAYUNO', 'NULO', to_timestamp(720148193), 26, 16),
  ('Brownies de Chocolate', 'Deliciosa y fácil de adaptar a tu gusto.', 'ALTA', 'POSTRE', 'MEDIO', to_timestamp(128211938), 69, 15),
  ('Arroz con Pollo', 'Una alternativa ligera y nutritiva.', 'MEDIA', 'SNACK', 'MEDIO', to_timestamp(1382080159), 30, 13),
  ('Pizza Margarita Casera', 'Receta tradicional con un giro moderno.', 'BAJA', 'POSTRE', 'NULO', to_timestamp(63349382), 45, 7),
  ('Hamburguesas Veganas', 'Perfecta para los amantes del dulce.', 'MEDIA', 'SNACK', 'FUERTE', to_timestamp(674404357), 12, 1),
  ('Tarta de Manzana', 'Fácil, rápida y siempre un éxito.', 'BAJA', 'POSTRE', 'FUERTE', to_timestamp(1553280961), 37, 10),
  ('Ceviche de Camarón', 'Una explosión de sabores en cada bocado.', 'ALTA', 'POSTRE', 'MEDIO', to_timestamp(280137356), 78, 3),
  ('Galletas de Avena y Pasas', 'Ideal para días fríos y lluviosos.', 'MEDIA', 'POSTRE', 'MEDIO', to_timestamp(41953745), 70, 16),
  ('Enchiladas Rojas', 'Una opción vegetariana muy sabrosa.', 'ALTA', 'CENA', 'SUAVE', to_timestamp(1130542629), 42, 11),
  ('Sándwich de Atún', 'Fresca, ligera y muy colorida.', 'ALTA', 'DESAYUNO', 'SUAVE', to_timestamp(1028945790), 21, 9),
  ('Crepas de Espinaca', 'Sabor intenso y textura suave.', 'BAJA', 'DESAYUNO', 'NULO', to_timestamp(1350601172), 89, 15),
  ('Fajitas de Res', 'Perfecta para acompañar con arroz.', 'ALTA', 'POSTRE', 'EXTREMO', to_timestamp(213075281), 85, 1),
  ('Puré de Papa Cremoso', 'Ideal para llevar al trabajo o a la escuela.', 'ALTA', 'ALMUERZO', 'NULO', to_timestamp(383983448), 73, 18),
  ('Tostadas de Frijol', 'Un clásico que nunca falla.', 'ALTA', 'CENA', 'MEDIO', to_timestamp(1352548831), 44, 15),
  ('Quiche de Verduras', 'Rinde para toda la familia y muy fácil de hacer.', 'MEDIA', 'CENA', 'NULO', to_timestamp(572164519), 63, 13),
  ('Croquetas de Pollo', 'Receta económica y rendidora.', 'BAJA', 'DESAYUNO', 'EXTREMO', to_timestamp(1131969588), 51, 13),
  ('Tamalitos de Elote', 'Deliciosa combinación de ingredientes simples.', 'ALTA', 'CENA', 'MEDIO', to_timestamp(305293073), 74, 11),
  ('Yogur con Granola', 'Perfecta para una cena especial.', 'ALTA', 'POSTRE', 'NULO', to_timestamp(810796849), 73, 16),
  ('Huevos Rancheros', 'Sorprende con su sabor equilibrado.', 'MEDIA', 'ALMUERZO', 'MEDIO', to_timestamp(1697248136), 40, 3),
  ('Pollo al Curry', 'Una receta sencilla con resultados increíbles.', 'ALTA', 'DESAYUNO', 'NULO', to_timestamp(1522581535), 42, 13),
  ('Paella Mixta', 'Una versión más saludable del plato tradicional.', 'MEDIA', 'POSTRE', 'FUERTE', to_timestamp(1274298081), 16, 8),
  ('Muffins de Plátano', 'Con un toque picante que encanta.', 'MEDIA', 'CENA', 'MEDIO', to_timestamp(1460047969), 39, 5),
  ('Batido Verde Detox', 'Una mezcla perfecta de dulce y salado.', 'MEDIA', 'ALMUERZO', 'EXTREMO', to_timestamp(464712492), 71, 13),
  ('Macarrones con Queso', 'Fácil de preparar con lo que tienes en casa.', 'BAJA', 'SNACK', 'MEDIO', to_timestamp(1366674047), 88, 14),
  ('Tortilla Española', 'Una receta reconfortante y deliciosa.', 'ALTA', 'ALMUERZO', 'EXTREMO', to_timestamp(690630393), 19, 4),
  ('Pollo a la Naranja', 'Sabor agridulce con un toque cítrico irresistible.', 'MEDIA', 'CENA', 'SUAVE', to_timestamp(1456789902), 50, 6),
  ('Empanadas de Queso', 'Crujientes por fuera y suaves por dentro.', 'BAJA', 'SNACK', 'NULO', to_timestamp(1602347832), 38, 7),
  ('Crema de Champiñones', 'Textura cremosa y sabor delicado.', 'MEDIA', 'ALMUERZO', 'SUAVE', to_timestamp(1334560987), 44, 9),
  ('Chiles Rellenos', 'Una receta clásica con mucho sabor.', 'ALTA', 'CENA', 'FUERTE', to_timestamp(1179638472), 60, 11),
  ('Rollitos de Primavera', 'Crujientes y llenos de vegetales.', 'MEDIA', 'SNACK', 'MEDIO', to_timestamp(1483745601), 35, 14),
  ('Guisado de Res con Verduras', 'Ideal para días fríos y reuniones familiares.', 'ALTA', 'ALMUERZO', 'SUAVE', to_timestamp(1548932763), 72, 12),
  ('Pan de Elote', 'Dulce y suave, perfecto como merienda.', 'BAJA', 'POSTRE', 'NULO', to_timestamp(1378920345), 34, 5),
  ('Pizza de Pepperoni Casera', 'Rápida y perfecta para compartir.', 'MEDIA', 'CENA', 'FUERTE', to_timestamp(1398467382), 41, 2),
  ('Ensalada Griega', 'Fresca, ligera y muy saludable.', 'BAJA', 'ALMUERZO', 'NULO', to_timestamp(1582093215), 20, 8),
  ('Helado de Fresa Natural', 'Dulce y refrescante para cualquier ocasión.', 'MEDIA', 'POSTRE', 'NULO', to_timestamp(1657080923), 25, 10),
  ('Sopa de Tomate con Albahaca', 'Un clásico con mucho sabor.', 'BAJA', 'CENA', 'SUAVE', to_timestamp(1328032764), 33, 4),
  ('Tacos Dorados de Papa', 'Crujientes y llenos de sabor.', 'MEDIA', 'ALMUERZO', 'MEDIO', to_timestamp(1234567890), 48, 13),
  ('Papas Gratinadas', 'Cremosas y con mucho queso.', 'MEDIA', 'CENA', 'SUAVE', to_timestamp(1384060001), 55, 3),
  ('Bagel con Salmón y Queso Crema', 'Un desayuno elegante y lleno de sabor.', 'MEDIA', 'DESAYUNO', 'NULO', to_timestamp(1612348765), 18, 1),
  ('Flan de Vainilla', 'Tradicional y delicioso.', 'BAJA', 'POSTRE', 'NULO', to_timestamp(1294736452), 40, 16),
  ('Pollo Teriyaki', 'Un clásico de la cocina asiática con toque casero.', 'MEDIA', 'ALMUERZO', 'MEDIO', to_timestamp(1512345667), 54, 10),
  ('Quesadillas de Champiñones', 'Ideal para una cena ligera.', 'BAJA', 'CENA', 'SUAVE', to_timestamp(1478932450), 28, 11),
  ('Nachos con Guacamole', 'Perfectos para compartir entre amigos.', 'MEDIA', 'SNACK', 'MEDIO', to_timestamp(1667894321), 22, 9),
  ('Lasaña de Verduras', 'Sabrosa y nutritiva alternativa vegetariana.', 'ALTA', 'CENA', 'NULO', to_timestamp(1578931230), 63, 13),
  ('Té Helado con Limón y Menta', 'Refrescante bebida natural.', 'BAJA', 'SNACK', 'NULO', to_timestamp(1532948723), 12, 15);
-- Receta_categorias

INSERT INTO "Receta_categorias" (id_receta, id_categoria) VALUES
  (1, 5),
  (1, 7),
  (2, 1),
  (2, 8),
  (3, 5),
  (3, 8),
  (4, 9),
  (4, 2),
  (5, 2),
  (5, 3),
  (6, 5),
  (6, 6),
  (7, 2),
  (7, 5),
  (8, 5),
  (8, 2),
  (9, 7),
  (9, 10),
  (10, 4),
  (10, 3),
  (11, 4),
  (11, 1),
  (12, 10),
  (12, 8),
  (13, 1),
  (13, 4),
  (14, 4),
  (14, 6),
  (15, 5),
  (15, 6),
  (16, 9),
  (16, 8),
  (17, 6),
  (17, 1),
  (18, 7),
  (18, 9),
  (19, 2),
  (19, 8),
  (20, 2),
  (20, 1),
  (21, 6),
  (21, 4),
  (22, 5),
  (22, 4),
  (23, 8),
  (23, 10),
  (24, 3),
  (24, 5),
  (25, 2),
  (25, 10),
  (26, 5),
  (26, 10),
  (27, 9),
  (27, 1),
  (28, 6),
  (28, 2),
  (29, 1),
  (29, 8),
  (30, 5),
  (30, 3),
  (31, 2),
  (31, 8),
  (32, 4),
  (32, 5),
  (33, 2),
  (33, 7),
  (34, 3),
  (34, 6),
  (35, 6),
  (35, 10),
  (36, 2),
  (36, 3),
  (37, 4),
  (37, 9),
  (38, 3),
  (38, 10),
  (39, 1),
  (39, 6),
  (40, 4),
  (40, 8),
  (41, 7),
  (41, 2),
  (42, 2),
  (42, 5),
  (43, 3),
  (43, 4),
  (44, 1),
  (44, 6),
  (45, 4),
  (45, 9),
  (46, 2),
  (46, 10),
  (47, 3),
  (47, 6),
  (48, 5),
  (48, 8),
  (49, 2),
  (49, 6),
  (50, 8),
  (50, 9),
  (51, 2),
  (51, 4),
  (52, 1),
  (52, 6),
  (53, 3),
  (53, 5),
  (54, 4),
  (54, 9),
  (55, 5),
  (55, 7),
  (56, 2),
  (56, 8),
  (57, 4),
  (57, 6),
  (58, 1),
  (58, 10),
  (59, 3),
  (59, 8),
  (60, 2),
  (60, 9);
  
-- Receta_ingredientes
INSERT INTO "Receta_ingredientes" (id_receta, id_ingrediente, id_unidades, cantidad) VALUES
  (1, 1, 1, 100), (1, 2, 1, 50), (1, 3, 1, 5), (1, 4, 1, 3),
  (2, 5, 4, 2), (2, 6, 1, 100), (2, 7, 5, 2), (2, 8, 3, 200),
  (3, 9, 1, 150), (3, 10, 1, 100), (3, 11, 1, 5), (3, 12, 1, 80),
  (4, 13, 2, 3), (4, 17, 2, 4), (4, 3, 1, 10), (4, 11, 1, 4),
  (5, 14, 2, 7), (5, 3, 1, 6), (5, 21, 3, 100), (5, 22, 1, 15),
  (6, 27, 1, 80), (6, 28, 1, 70), (6, 8, 3, 150), (6, 6, 1, 30),
  (7, 2, 1, 150), (7, 6, 1, 100), (7, 7, 5, 3), (7, 12, 1, 120),
  (8, 14, 2, 5), (8, 16, 2, 6), (8, 10, 1, 60), (8, 11, 1, 6),
  (9, 17, 2, 2), (9, 12, 1, 100), (9, 3, 1, 5), (9, 5, 1, 50),
  (10, 18, 1, 2), (10, 14, 2, 8), (10, 29, 1, 40), (10, 8, 3, 120),
  (11, 27, 1, 150), (11, 2, 1, 100), (11, 3, 1, 3), (11, 6, 1, 50),
  (12, 15, 2, 9), (12, 21, 3, 100), (12, 10, 1, 80), (12, 22, 1, 15),
  (13, 1, 1, 120), (13, 2, 1, 80), (13, 25, 1, 60), (13, 11, 1, 3),
  (14, 20, 1, 3), (14, 14, 2, 10), (14, 12, 1, 90), (14, 9, 1, 50),
  (15, 18, 1, 2), (15, 14, 2, 8), (15, 3, 1, 4), (15, 11, 1, 2),
  (16, 29, 1, 100), (16, 6, 1, 50), (16, 8, 3, 150), (16, 7, 5, 2),
  (17, 13, 2, 7), (17, 4, 1, 10), (17, 11, 1, 4), (17, 22, 1, 15),
  (18, 26, 1, 200), (18, 6, 1, 50), (18, 3, 1, 5), (18, 8, 3, 100),
  (19, 16, 2, 9), (19, 14, 2, 6), (19, 5, 1, 60), (19, 11, 1, 4),
  (20, 29, 1, 80), (20, 10, 1, 60), (20, 7, 5, 2), (20, 6, 1, 40),
  (21, 14, 2, 5), (21, 12, 1, 100), (21, 5, 1, 40), (21, 3, 1, 4),
  (22, 28, 1, 100), (22, 2, 1, 60), (22, 7, 5, 1), (22, 19, 1, 2),
  (23, 8, 3, 150), (23, 22, 1, 10), (23, 30, 1, 80), (23, 21, 3, 60),
  (24, 7, 5, 2), (24, 9, 1, 60), (24, 11, 1, 3), (24, 20, 1, 2),
  (25, 14, 2, 4), (25, 21, 3, 100), (25, 3, 1, 6), (25, 11, 1, 4),
  (26, 13, 2, 7), (26, 17, 2, 9), (26, 11, 1, 5), (26, 3, 1, 4),
  (27, 28, 1, 100), (27, 2, 1, 80), (27, 6, 1, 40), (27, 25, 1, 50),
  (28, 29, 1, 120), (28, 8, 3, 100), (28, 21, 3, 60), (28, 20, 1, 3),
  (29, 17, 2, 6), (29, 12, 1, 90), (29, 3, 1, 5), (29, 5, 1, 50),
  (30, 7, 5, 2), (30, 26, 1, 150), (30, 6, 1, 40), (30, 3, 1, 3),
  (31, 14, 2, 5), (31, 3, 1, 4), (31, 21, 3, 80), (31, 22, 1, 10),
  (32, 1, 1, 100), (32, 2, 1, 40), (32, 6, 1, 50), (32, 3, 1, 2),
  (33, 9, 1, 80), (33, 10, 1, 60), (33, 11, 1, 3), (33, 6, 1, 40),
  (34, 20, 1, 2), (34, 13, 2, 8), (34, 12, 1, 90), (34, 5, 1, 40),
  (35, 25, 1, 60), (35, 24, 1, 50), (35, 11, 1, 3), (35, 6, 1, 30),
  (36, 13, 2, 5), (36, 16, 2, 1), (36, 25, 1, 70), (36, 10, 1, 40),
  (37, 28, 1, 100), (37, 1, 1, 80), (37, 2, 1, 60), (37, 3, 1, 4),
  (38, 12, 1, 100), (38, 13, 2, 10), (38, 3, 1, 5), (38, 5, 1, 40),
  (39, 30, 1, 80), (39, 9, 1, 60), (39, 22, 1, 10), (39, 3, 1, 2),
  (40, 27, 1, 100), (40, 2, 1, 50), (40, 6, 1, 40), (40, 3, 1, 3),
  (41, 9, 1, 80), (41, 10, 1, 70), (41, 21, 3, 90), (41, 22, 1, 10),
  (42, 26, 1, 100), (42, 1, 1, 80), (42, 2, 1, 50), (42, 3, 1, 3),
  (43, 26, 1, 120), (43, 6, 1, 40), (43, 12, 1, 80), (43, 3, 1, 2),
  (44, 18, 1, 1), (44, 12, 1, 50), (44, 6, 1, 40), (44, 3, 1, 2),
  (45, 2, 1, 60), (45, 6, 1, 30), (45, 3, 1, 3), (45, 4, 1, 1),
  (46, 14, 2, 8), (46, 21, 3, 80), (46, 3, 1, 4), (46, 11, 1, 2),
  (47, 29, 1, 80), (47, 12, 1, 60), (47, 3, 1, 2), (47, 6, 1, 40),
  (48, 8, 3, 100), (48, 20, 1, 3), (48, 21, 3, 60), (48, 6, 1, 30),
  (49, 13, 2, 7), (49, 25, 1, 60), (49, 22, 1, 10), (49, 11, 1, 4),
  (50, 21, 3, 80), (50, 30, 1, 70), (50, 3, 1, 2), (50, 6, 1, 20);


-- Receta_utensilios
INSERT INTO "Receta_utensilios" (id_receta, id_utensilio) VALUES
  (1, 7),
  (1, 3),
  (2, 10),
  (2, 3),
  (3, 1),
  (3, 6),
  (4, 5),
  (4, 10),
  (5, 7),
  (5, 3),
  (6, 9),
  (6, 10),
  (7, 9),
  (7, 8),
  (8, 3),
  (8, 7),
  (9, 4),
  (9, 3),
  (10, 1),
  (10, 9),
  (11, 3),
  (11, 7),
  (12, 6),
  (12, 5),
  (13, 6),
  (13, 7),
  (14, 10),
  (14, 9),
  (15, 10),
  (15, 9),
  (16, 3),
  (16, 1),
  (17, 7),
  (17, 8),
  (18, 7),
  (18, 8),
  (19, 8),
  (19, 7),
  (20, 5),
  (20, 8),
  (21, 6),
  (21, 3),
  (22, 1),
  (22, 2),
  (23, 10),
  (23, 4),
  (24, 7),
  (24, 2),
  (25, 3),
  (25, 1),
  (26, 1),
  (26, 9),
  (27, 10),
  (27, 7),
  (28, 5),
  (28, 3),
  (29, 7),
  (29, 6),
  (30, 4),
  (30, 1),
  (31, 2),
  (31, 7),
  (32, 1),
  (32, 6),
  (33, 3),
  (33, 10),
  (34, 4),
  (34, 8),
  (35, 2),
  (35, 7),
  (36, 5),
  (36, 9),
  (37, 6),
  (37, 10),
  (38, 1),
  (38, 9),
  (39, 4),
  (39, 7),
  (40, 2),
  (40, 8),
  (41, 3),
  (41, 10),
  (42, 5),
  (42, 6),
  (43, 1),
  (43, 9),
  (44, 2),
  (44, 10),
  (45, 4),
  (45, 6),
  (46, 5),
  (46, 7),
  (47, 3),
  (47, 9),
  (48, 4),
  (48, 10),
  (49, 2),
  (49, 8),
  (50, 1),
  (50, 5);


-- Valoraciones

INSERT INTO "Valoraciones" (id_receta, id_usuario, valoracion) VALUES
  (1, 2, 4),
  (2, 3, 5),
  (3, 4, 3),
  (4, 5, 5),
  (5, 6, 4),
  (6, 7, 5),
  (7, 8, 3),
  (8, 9, 4),
  (9, 10, 2),
  (10, 1, 5),
  (11, 2, 4),
  (12, 3, 5),
  (13, 4, 3),
  (14, 5, 4),
  (15, 6, 5),
  (16, 7, 3),
  (17, 8, 5),
  (18, 9, 4),
  (19, 10, 2),
  (20, 1, 4),
  (21, 2, 5),
  (22, 3, 4),
  (23, 4, 3),
  (24, 5, 5),
  (25, 6, 4),
  (26, 7, 5),
  (27, 8, 3),
  (28, 9, 4),
  (29, 10, 5),
  (30, 1, 4),
  (31, 2, 3),
  (32, 3, 4),
  (33, 4, 5),
  (34, 5, 4),
  (35, 6, 2),
  (36, 7, 5),
  (37, 8, 3),
  (38, 9, 4),
  (39, 10, 4),
  (40, 1, 5),
  (41, 2, 4),
  (42, 3, 5),
  (43, 4, 3),
  (44, 5, 5),
  (45, 6, 4),
  (46, 7, 5),
  (47, 8, 4),
  (48, 9, 3),
  (49, 10, 5),
  (50, 1, 4),
  (1, 3, 5),
  (2, 4, 3),
  (3, 5, 5),
  (4, 6, 4),
  (5, 7, 2),
  (6, 8, 5),
  (7, 9, 3),
  (8, 10, 4),
  (9, 1, 4),
  (10, 2, 5),
  (11, 3, 4),
  (12, 4, 3),
  (13, 5, 4),
  (14, 6, 5),
  (15, 7, 2),
  (16, 8, 4),
  (17, 9, 3),
  (18, 10, 5),
  (19, 1, 4),
  (20, 2, 3),
  (21, 3, 5),
  (22, 4, 4),
  (23, 5, 5),
  (24, 6, 3),
  (25, 7, 4),
  (26, 8, 5),
  (27, 9, 4),
  (28, 10, 2),
  (29, 1, 5),
  (30, 2, 4),
  (31, 3, 4),
  (32, 4, 3),
  (33, 5, 5),
  (34, 6, 4),
  (35, 7, 4),
  (36, 8, 3),
  (37, 9, 5),
  (38, 10, 4),
  (39, 1, 5),
  (40, 2, 3),
  (41, 3, 4),
  (42, 4, 5),
  (43, 5, 4),
  (44, 6, 3),
  (45, 7, 5),
  (46, 8, 4),
  (47, 9, 3),
  (48, 10, 5),
  (49, 1, 4),
  (50, 2, 5),
  (1, 4, 3),
  (2, 5, 4),
  (3, 6, 2),
  (4, 7, 5),
  (5, 8, 3),
  (6, 9, 4),
  (7, 10, 4),
  (8, 1, 5),
  (9, 2, 3),
  (10, 3, 4),
  (11, 4, 5),
  (12, 5, 4),
  (13, 6, 3),
  (14, 7, 5),
  (15, 8, 4),
  (16, 9, 5),
  (17, 10, 4),
  (18, 1, 5),
  (19, 2, 3),
  (20, 3, 4),
  (21, 4, 5),
  (22, 5, 4),
  (23, 6, 3),
  (24, 7, 4),
  (25, 8, 5),
  (26, 9, 3),
  (27, 10, 4),
  (28, 1, 4),
  (29, 2, 5),
  (30, 3, 3),
  (31, 4, 4),
  (32, 5, 5),
  (33, 6, 4),
  (34, 7, 3),
  (35, 8, 5),
  (36, 9, 4),
  (37, 10, 2),
  (38, 1, 5),
  (39, 2, 3),
  (40, 3, 4),
  (41, 4, 5),
  (42, 5, 4),
  (43, 6, 5),
  (44, 7, 3),
  (45, 8, 4),
  (46, 9, 5),
  (47, 10, 4),
  (48, 1, 3),
  (49, 2, 4),
  (50, 3, 5);

-- Recetas_favoritas

INSERT INTO "Recetas_favoritas" (id_receta, id_usuario) VALUES
  (20, 5),
  (22, 8),
  (12, 1),
  (12, 7),
  (21, 16),
  (7, 20),
  (14, 1),
  (20, 20),
  (28, 3),
  (5, 13),
  (26, 18),
  (30, 6),
  (14, 19),
  (17, 6),
  (27, 10),
  (5, 19),
  (24, 2),
  (10, 9),
  (26, 2),
  (15, 5),
  (21, 3),
  (7, 13),
  (29, 13),
  (26, 9),
  (10, 2),
  (9, 10),
  (2, 4),
  (13, 4),
  (1, 11),
  (25, 6),
  (25, 12),
  (19, 20),
  (26, 13),
  (18, 3),
  (21, 2),
  (24, 19),
  (6, 13),
  (25, 18),
  (18, 12),
  (6, 10),
  (29, 12),
  (18, 6),
  (7, 15),
  (18, 18),
  (6, 19),
  (22, 12),
  (27, 2),
  (27, 5),
  (17, 10),
  (17, 16),
  (5, 20),
  (19, 19),
  (10, 10),
  (15, 6),
  (11, 15),
  (7, 2),
  (15, 3),
  (2, 15),
  (24, 15),
  (20, 2),
  (3, 11),
  (4, 5),
  (6, 7),
  (8, 2),
  (9, 3),
  (11, 4),
  (13, 5),
  (15, 6),
  (16, 7),
  (17, 8),
  (19, 9),
  (22, 10),
  (23, 11),
  (26, 14),
  (28, 15),
  (29, 16),
  (30, 17),
  (1, 18),
  (2, 19),
  (4, 20),
  (5, 1),
  (7, 2),
  (8, 3),
  (10, 4),
  (11, 5),
  (12, 6),
  (13, 7),
  (14, 8),
  (15, 9),
  (16, 10),
  (17, 11),
  (18, 14),
  (19, 15),
  (20, 16),
  (21, 17),
  (22, 18),
  (23, 19),
  (24, 20),
  (25, 1),
  (27, 2),
  (28, 3),
  (29, 4),
  (30, 5),
  (31, 6),
  (32, 7),
  (33, 8),
  (34, 9),
  (35, 10),
  (36, 11),
  (37, 12),
  (38, 13),
  (39, 14),
  (40, 15),
  (41, 16),
  (42, 17),
  (43, 18),
  (44, 19),
  (45, 20),
  (46, 1),
  (47, 2),
  (48, 3),
  (49, 4),
  (50, 5),
  (31, 7),
  (32, 8),
  (33, 9),
  (34, 10),
  (35, 11),
  (36, 12),
  (37, 13),
  (38, 14),
  (39, 15),
  (40, 16),
  (41, 17),
  (42, 18),
  (43, 19),
  (44, 20),
  (45, 1),
  (46, 2),
  (47, 3),
  (48, 4),
  (49, 5),
  (50, 6),
  (31, 8),
  (32, 9),
  (33, 10),
  (34, 11),
  (35, 12),
  (36, 13),
  (37, 14),
  (38, 15),
  (39, 16),
  (40, 17);




-- Receta_alergias
INSERT INTO "Receta_alergias" (id_receta, id_alergia) VALUES
  (1, 10),
  (2, 3),
  (3, 4),
  (4, 5),
  (5, 7),
  (6, 7),
  (7, 10),
  (8, 2),
  (9, 2),
  (10, 2),
  (11, 7),
  (12, 4),
  (13, 4),
  (14, 8),
  (15, 1),
  (16, 5),
  (17, 5),
  (18, 5),
  (19, 6),
  (20, 7),
  (21, 1),
  (22, 1),
  (23, 1),
  (24, 8),
  (25, 4),
  (26, 5),
  (27, 9),
  (28, 3),
  (29, 4),
  (30, 4),
  (31, 1),
  (32, 2),
  (33, 3),
  (34, 4),
  (35, 5),
  (36, 6),
  (37, 7),
  (38, 8),
  (39, 9),
  (40, 10),
  (41, 1),
  (42, 2),
  (43, 3),
  (44, 4),
  (45, 5),
  (46, 6),
  (47, 7),
  (48, 8),
  (49, 9),
  (50, 10);




-- Comentarios
INSERT INTO "Comentarios" (id_receta, id_usuario, comentario) VALUES
  (1, 1, 'A mi familia le encantó.'),
  (2, 5, 'Sorprendí a mis invitados con esta receta.'),
  (3, 10, 'El sabor es increíble.'),
  (4, 2, 'Perfecta para una tarde con amigos.'),
  (5, 3, 'Fácil y muy rica.'),
  (6, 7, 'Ideal para cualquier ocasión.'),
  (7, 4, 'Perfecta para una tarde con amigos.'),
  (8, 9, 'Rápida y sabrosa.'),
  (9, 5, 'Muy fácil de hacer y deliciosa.'),
  (10, 8, 'Ideal para cualquier ocasión.'),
  (11, 2, 'Quedó perfecta con un toque de limón.'),
  (12, 6, 'Buenísima y muy rendidora.'),
  (13, 9, 'No quedó ni un pedazo.'),
  (14, 4, 'Ideal para cualquier ocasión.'),
  (15, 3, 'La volveré a hacer pronto.'),
  (16, 7, 'Perfecta para el almuerzo.'),
  (17, 2, 'Fácil y muy rica.'),
  (18, 5, 'Perfecta para el almuerzo.'),
  (19, 6, 'Muy completa y fácil de seguir.'),
  (20, 8, 'Perfecta para una tarde con amigos.'),
  (21, 9, 'La mejor que he probado.'),
  (22, 10, 'La volveré a hacer pronto.'),
  (23, 3, 'Perfecta para una tarde con amigos.'),
  (24, 4, 'Fácil y muy rica.'),
  (25, 2, 'Quedó perfecta con un toque de limón.'),
  (26, 5, 'El sabor es increíble.'),
  (27, 6, 'Excelente combinación de sabores.'),
  (28, 7, 'Quedó perfecta con un toque de limón.'),
  (29, 8, 'Muy fácil de hacer y deliciosa.'),
  (30, 9, 'Me encantó la textura.'),
  (31, 2, 'Muy sabroso y fácil de hacer.'),
  (32, 5, 'Nos encantó a todos en casa.'),
  (33, 6, 'Un clásico que nunca falla.'),
  (34, 8, 'Perfecto para una cena ligera.'),
  (35, 4, 'Lo preparé en 30 minutos.'),
  (36, 9, 'Ideal para compartir en familia.'),
  (37, 5, 'Lo volvería a preparar sin duda.'),
  (38, 2, 'Increíble sabor, muy recomendable.'),
  (39, 6, 'Súper fácil y delicioso.'),
  (40, 8, 'Nos sorprendió el resultado.'),
  (41, 4, 'Me encantó la mezcla de sabores.'),
  (42, 9, 'Espectacular presentación.'),
  (43, 5, 'Gran receta para los domingos.'),
  (44, 2, 'Ideal para niños.'),
  (45, 6, 'Lo usé como plato principal.'),
  (46, 8, 'Una de mis recetas favoritas.'),
  (47, 4, 'Rápido y delicioso.'),
  (48, 9, 'Nos hizo el día.'),
  (49, 5, 'Repetiremos seguro.'),
  (50, 2, 'Receta perfecta para sorprender.');



-- Historial_recetas
INSERT INTO "Historial_recetas" (id_receta, atributo_modificado, valor_anterior, valor_nuevo, realizado_en) VALUES
  (1, 'descripcion', 'Una opción saludable y deliciosa para comenzar el día.', 'Ideal para quienes buscan una ensalada baja en calorías.', to_timestamp(1625097600)),
  (3, 'nombre', 'Tacos al Pastor', 'Tacos de Cerdo al Pastor', to_timestamp(1609459200)),
  (6, 'tiempo_completacion', '26', '20', to_timestamp(1612137600)),
  (7, 'descripcion', 'Deliciosa y fácil de adaptar a tu gusto.', 'Brownies intensos con nueces y chocolate amargo.', to_timestamp(1598918400)),
  (12, 'nivel_picante', 'MEDIO', 'FUERTE', to_timestamp(1640995200)),
  (14, 'descripcion', 'Una opción vegetariana muy sabrosa.', 'Receta tradicional con salsa de chile rojo.', to_timestamp(1619827200)),
  (18, 'nombre', 'Puré de Papa Cremoso', 'Puré de Papas con Queso', to_timestamp(1606780800)),
  (23, 'descripcion', 'Perfecta para una cena especial.', 'Ideal para desayunos ligeros con energía.', to_timestamp(1654041600)),
  (26, 'tiempo_completacion', '16', '20', to_timestamp(1661990400)),
  (30, 'descripcion', 'Una receta reconfortante y deliciosa.', 'Versión española con cebolla caramelizada.', to_timestamp(1638316800)),
  (3, 'descripcion', 'Sabor auténtico con un toque casero.', 'Sabor tradicional con piña', to_timestamp(1682300000)),
  (6, 'nombre', 'Smoothie de Mango y Plátano', 'Smoothie Tropical', to_timestamp(1682400000)),
  (17, 'nivel_picante', 'EXTREMO', 'MEDIO', to_timestamp(1682500000)),
  (21, 'descripcion', 'Receta económica y rendidora.', 'Croquetas crujientes con salsa', to_timestamp(1682600000)),
  (28, 'nombre', 'Batido Verde Detox', 'Jugo Verde Energético', to_timestamp(1682700000)),
  (14, 'complejidad', 'ALTA', 'MEDIA', to_timestamp(1682800000)),
  (38, 'descripcion', 'Rápida y perfecta para compartir.', 'Pizza de Pepperoni al horno', to_timestamp(1682900000)),
  (12, 'nombre', 'Ceviche de Camarón', 'Ceviche Especial de Camarón', to_timestamp(1683000000)),
  (34, 'nivel_picante', 'FUERTE', 'EXTREMO', to_timestamp(1683100000)),
  (40, 'descripcion', 'Dulce y refrescante para cualquier ocasión.', 'Helado artesanal sin azúcar', to_timestamp(1683200000)),
  (5, 'nombre', 'Panqueques de Avena con Miel', 'Hotcakes de Avena', to_timestamp(1683300000)),
  (11, 'descripcion', 'Fácil, rápida y siempre un éxito.', 'Postre casero tradicional', to_timestamp(1683400000)),
  (19, 'nivel_picante', 'MEDIO', 'SUAVE', to_timestamp(1683500000)),
  (45, 'descripcion', 'Tradicional y delicioso.', 'Flan casero con vainilla natural', to_timestamp(1683600000)),
  (25, 'nombre', 'Pollo al Curry', 'Curry de Pollo con Coco', to_timestamp(1683700000));

-- Historial_ingredientes
INSERT INTO "Historial_ingredientes" (id_ingrediente, nombre_anterior, nombre_nuevo, realizado_en) VALUES
  (1, 'Harina de trigo', 'Harina integral', to_timestamp(1612137600)),
  (2, 'Azúcar morena', 'Azúcar orgánica morena', to_timestamp(1619827200)),
  (3, 'Sal marina', 'Sal de Himalaya', to_timestamp(1622505600)),
  (4, 'Pimienta negra', 'Pimienta recién molida', to_timestamp(1625097600)),
  (5, 'Aceite vegetal', 'Aceite de canola', to_timestamp(1627776000)),
  (6, 'Mantequilla sin sal', 'Mantequilla clarificada', to_timestamp(1630454400)),
  (7, 'Huevos orgánicos', 'Huevos de gallinas libres', to_timestamp(1633046400)),
  (8, 'Leche descremada', 'Leche de almendra', to_timestamp(1635724800)),
  (9, 'Tomate cherry', 'Tomate uva', to_timestamp(1638316800)),
  (10, 'Cebolla blanca', 'Cebolla morada', to_timestamp(1640995200)),
  (11, 'Ajo picado', 'Ajo en polvo', to_timestamp(1643673600)),
  (12, 'Queso mozzarella', 'Queso mozzarella light', to_timestamp(1646092800)),
  (13, 'Carne molida de res', 'Carne molida magra', to_timestamp(1648771200)),
  (14, 'Pechuga de pollo', 'Pollo desmenuzado', to_timestamp(1651363200)),
  (15, 'Filete de pescado', 'Pescado blanco en cubos', to_timestamp(1654041600)),
  (16, 'Arroz integral', 'Arroz jazmín integral', to_timestamp(1656633600)),
  (17, 'Pasta penne', 'Pasta penne integral', to_timestamp(1659312000)),
  (18, 'Pan artesanal', 'Pan de masa madre', to_timestamp(1661990400)),
  (19, 'Levadura seca', 'Levadura instantánea', to_timestamp(1664582400)),
  (20, 'Chiles jalapeños', 'Chiles jalapeños en rodajas', to_timestamp(1667260800)),
  (21, 'Jugo de limón', 'Jugo de limón fresco', to_timestamp(1669852800)),
  (22, 'Perejil fresco', 'Perejil seco', to_timestamp(1672531200)),
  (23, 'Cilantro picado', 'Cilantro fresco entero', to_timestamp(1675209600)),
  (24, 'Apio en cubos', 'Apio en tiras', to_timestamp(1677628800)),
  (25, 'Zanahoria rallada', 'Zanahoria en cubos', to_timestamp(1680307200));